0,0.137,8.756253
1,0.163,6.6784234
2,0.183,5.715745
3,0.221,4.9463034
4,0.261,4.6093836
5,0.27,4.436317
6,0.33,4.094242
7,0.387,3.6365244
8,0.449,2.9386196
9,0.476,2.7743297
10,0.513,2.3375607
11,0.577,1.9593928
12,0.59,1.9151654
13,0.625,1.6276541
14,0.628,1.5939567
15,0.651,1.5942959
16,0.669,1.4013261
17,0.692,1.3198264
18,0.691,1.3587064
19,0.692,1.4095862
20,0.718,1.2837378
21,0.715,1.3086101
22,0.732,1.1957619
23,0.744,1.060971
24,0.785,1.0091996
25,0.775,0.8797528
26,0.797,0.8668044
27,0.767,1.0243227
28,0.786,0.9412764
29,0.786,0.9600752
30,0.826,0.7913268
31,0.813,0.740334
32,0.806,0.8763098
33,0.797,0.92900205
34,0.811,0.82883525
35,0.824,0.8178578
36,0.812,0.80752796
37,0.815,0.8628645
38,0.807,0.9011104
39,0.829,0.71515405
40,0.837,0.7202772
41,0.833,0.7694489
42,0.822,0.71059763
43,0.836,0.7531589
44,0.831,0.7576852
45,0.825,0.7121669
46,0.832,0.70539504
47,0.819,0.7522293
48,0.859,0.66086525
49,0.887,0.5091631
50,0.826,0.7222135
51,0.861,0.5905551
52,0.839,0.67971337
53,0.852,0.6538351
54,0.834,0.7019702
55,0.834,0.7510476
56,0.857,0.5816493
57,0.87,0.5583898
58,0.877,0.52951103
59,0.849,0.67508936
60,0.849,0.64258
61,0.875,0.48104745
62,0.867,0.45604149
63,0.857,0.59018046
64,0.862,0.6011311
65,0.864,0.56810945
66,0.875,0.5408301
67,0.856,0.54768294
68,0.862,0.55063874
69,0.876,0.48008788
70,0.864,0.5417494
71,0.874,0.46478683
72,0.863,0.6155878
73,0.89,0.43999553
74,0.88,0.50192213
75,0.888,0.5026081
76,0.865,0.5199612
77,0.86,0.49803364
78,0.862,0.5348108
79,0.906,0.35479173
80,0.867,0.5190669
81,0.866,0.5744183
82,0.871,0.5492084
83,0.851,0.5640005
84,0.898,0.40050635
85,0.874,0.5628412
86,0.871,0.441652
87,0.876,0.48699492
88,0.851,0.55812645
89,0.865,0.48771638
90,0.854,0.54458815
91,0.866,0.46124852
92,0.892,0.470406
93,0.887,0.39585668
94,0.897,0.45374602
95,0.899,0.39219803
96,0.887,0.4289368
97,0.89,0.42103955
98,0.889,0.41172564
99,0.881,0.5248391
100,0.881,0.4826936
101,0.904,0.37680638
102,0.886,0.42997587
103,0.895,0.43348333
104,0.895,0.3976122
105,0.889,0.41940632
106,0.895,0.39307666
107,0.899,0.41986728
108,0.889,0.4277142
109,0.894,0.463465
110,0.901,0.43480623
111,0.896,0.3955417
112,0.909,0.39241517
113,0.913,0.34146613
114,0.906,0.34760487
115,0.897,0.41844323
116,0.898,0.39007345
117,0.896,0.36145133
118,0.898,0.42359063
119,0.893,0.44742975
120,0.896,0.43436906
121,0.903,0.3358152
122,0.889,0.42518768
123,0.888,0.42036328
124,0.885,0.47118643
125,0.898,0.36279228
126,0.922,0.29970947
127,0.903,0.34517115
128,0.9,0.39238292
129,0.905,0.3675179
130,0.896,0.37921283
131,0.895,0.40024322
132,0.895,0.37784785
133,0.913,0.29417995
134,0.891,0.4586469
135,0.93,0.25705415
136,0.916,0.3126026
137,0.906,0.3503137
138,0.913,0.32791686
139,0.898,0.42553177
140,0.918,0.34428772
141,0.909,0.34680554
142,0.892,0.35675132
143,0.895,0.38393036
144,0.909,0.35247877
145,0.924,0.2904375
146,0.887,0.4430774
147,0.891,0.385624
148,0.902,0.33616737
149,0.906,0.35712257
150,0.894,0.3883265
151,0.914,0.32058066
152,0.898,0.35775745
153,0.902,0.376819
154,0.912,0.3647464
155,0.917,0.35350236
156,0.914,0.327688
157,0.897,0.35355988
158,0.911,0.36316407
159,0.911,0.3426248
160,0.905,0.37586886
161,0.911,0.35215127
162,0.912,0.37217015
163,0.917,0.27736664
164,0.914,0.323503
165,0.931,0.25539276
166,0.92,0.2913736
167,0.901,0.3567363
168,0.911,0.34639475
169,0.924,0.26932767
170,0.909,0.33701375
171,0.91,0.3392801
172,0.923,0.2897835
173,0.916,0.3193819
174,0.93,0.24812579
175,0.908,0.29755175
176,0.924,0.2599322
177,0.914,0.28960803
178,0.916,0.32430306
179,0.922,0.30572638
180,0.925,0.2660571
181,0.927,0.26743546
182,0.917,0.28666675
183,0.922,0.26254505
184,0.932,0.28940058
185,0.919,0.29418525
186,0.924,0.3023359
187,0.926,0.26948303
188,0.92,0.2959088
189,0.909,0.31529337
190,0.93,0.27106297
191,0.918,0.33442342
192,0.908,0.34970942
193,0.922,0.2727152
194,0.914,0.31502527
195,0.911,0.3157037
196,0.935,0.23021773
197,0.923,0.31210914
198,0.917,0.32599044
199,0.926,0.24952678
200,0.929,0.28245112
201,0.916,0.26927516
202,0.916,0.29779962
203,0.916,0.38144752
204,0.923,0.27301788
205,0.914,0.34667242
206,0.897,0.32254845
207,0.915,0.3012035
208,0.915,0.32860833
209,0.914,0.32382244
210,0.912,0.39756796
211,0.916,0.28952116
212,0.916,0.31103504
213,0.932,0.24513324
214,0.919,0.27359125
215,0.925,0.25771576
216,0.928,0.2650967
217,0.916,0.26665953
218,0.921,0.2698547
219,0.927,0.2483596
220,0.918,0.28418013
221,0.923,0.27964523
222,0.929,0.27490342
223,0.929,0.24928036
224,0.92,0.30116278
225,0.93,0.30216116
226,0.923,0.29215893
227,0.925,0.25311324
228,0.939,0.23956755
229,0.929,0.2733338
230,0.932,0.25845045
231,0.926,0.27168632
232,0.928,0.26651752
233,0.933,0.25389984
234,0.93,0.28021082
235,0.926,0.27784333
236,0.921,0.2712736
237,0.927,0.28017536
238,0.947,0.15970817
239,0.938,0.21139401
240,0.92,0.28999162
241,0.93,0.24291305
242,0.92,0.2926527
243,0.935,0.21658057
244,0.923,0.27878886
245,0.925,0.24576291
246,0.946,0.19923313
247,0.934,0.2661507
248,0.936,0.2691131
249,0.935,0.25984672
250,0.933,0.26739666
251,0.945,0.16465966
252,0.94,0.19490092
253,0.941,0.2016093
254,0.952,0.184297
255,0.924,0.24589609
256,0.936,0.21046552
257,0.929,0.27592456
258,0.918,0.2767485
259,0.927,0.23825665
260,0.932,0.22723797
261,0.919,0.27270833
262,0.927,0.22018443
263,0.918,0.29277682
264,0.942,0.20069669
265,0.923,0.20862363
266,0.942,0.23663485
267,0.918,0.26815742
268,0.939,0.2371163
269,0.947,0.20166154
270,0.921,0.25434992
271,0.932,0.22964309
272,0.938,0.1910029
273,0.934,0.24254344
274,0.928,0.23426291
275,0.93,0.26706085
276,0.944,0.24797513
277,0.944,0.19095728
278,0.94,0.22160132
279,0.939,0.2083841
280,0.933,0.25222483
281,0.942,0.18946119
282,0.932,0.21625897
283,0.941,0.20415203
284,0.945,0.2082242
285,0.938,0.22939007
286,0.941,0.22584365
287,0.943,0.21128754
288,0.961,0.13649286
289,0.929,0.26246285
290,0.946,0.18433139
291,0.934,0.2456795
292,0.934,0.22872443
293,0.936,0.2178027
294,0.937,0.22656316
295,0.948,0.21888013
296,0.941,0.2041832
297,0.942,0.18049045
298,0.946,0.21906438
299,0.938,0.23382269
300,0.94,0.21843053
301,0.931,0.2124229
302,0.938,0.22302234
303,0.947,0.17134893
304,0.944,0.1851489
305,0.94,0.20972288
306,0.93,0.2537645
307,0.932,0.21882854
308,0.953,0.17640829
309,0.938,0.23092186
310,0.925,0.25265822
311,0.946,0.19264325
312,0.95,0.1803233
313,0.946,0.20395805
314,0.931,0.23960525
315,0.922,0.2561807
316,0.938,0.21297318
317,0.94,0.19555013
318,0.94,0.21383694
319,0.932,0.26318473
320,0.943,0.16692783
321,0.934,0.2378705
322,0.947,0.19250005
323,0.937,0.23383468
324,0.943,0.21315613
325,0.939,0.1899244
326,0.933,0.21121064
327,0.941,0.21600981
328,0.955,0.20400827
329,0.947,0.1716091
330,0.958,0.15189597
331,0.955,0.17814553
332,0.941,0.18841776
333,0.94,0.21628633
334,0.941,0.18652076
335,0.953,0.16914369
336,0.959,0.14528066
337,0.948,0.18370432
338,0.953,0.19129407
339,0.955,0.17863098
340,0.948,0.19214684
341,0.937,0.20809759
342,0.945,0.17154872
343,0.948,0.19688584
344,0.955,0.14818218
345,0.949,0.18102878
346,0.943,0.19243674
347,0.937,0.24282117
348,0.938,0.18613088
349,0.943,0.17515656
350,0.945,0.1705722
351,0.947,0.18140817
352,0.942,0.17943044
353,0.937,0.23577362
354,0.947,0.18613079
355,0.947,0.1554969
356,0.94,0.21181643
357,0.952,0.18421036
358,0.949,0.19867924
359,0.938,0.23493704
360,0.94,0.22205889
361,0.963,0.16874275
362,0.934,0.21405782
363,0.949,0.15400986
364,0.95,0.20784341
365,0.943,0.18605945
366,0.954,0.17428863
367,0.938,0.2105159
368,0.949,0.16261539
369,0.946,0.182956
370,0.941,0.21415949
371,0.948,0.1594798
372,0.949,0.17863691
373,0.935,0.23537803
374,0.945,0.19821082
375,0.953,0.18058355
376,0.954,0.18145923
377,0.944,0.17899953
378,0.949,0.14388108
379,0.934,0.21962851
380,0.958,0.15844226
381,0.948,0.16707656
382,0.956,0.15213802
383,0.954,0.16458768
384,0.942,0.21556258
385,0.953,0.16103666
386,0.956,0.15158987
387,0.947,0.20134316
388,0.958,0.13791223
389,0.946,0.18475485
390,0.945,0.17376061
391,0.971,0.11983516
392,0.958,0.13300166
393,0.943,0.19361316
394,0.954,0.17248099
395,0.953,0.13756981
396,0.968,0.1282369
397,0.942,0.18010119
398,0.953,0.16600156
399,0.942,0.21809049
400,0.944,0.20289505
401,0.95,0.1805196
402,0.963,0.15349032
403,0.957,0.162556
404,0.955,0.18304318
405,0.951,0.16415988
406,0.957,0.1548116
407,0.958,0.16222268
408,0.952,0.16301818
409,0.957,0.16075863
410,0.966,0.12745526
411,0.956,0.13957739
412,0.966,0.12657653
413,0.947,0.15129489
414,0.95,0.16041036
415,0.95,0.16532522
416,0.957,0.17482895
417,0.959,0.14324702
418,0.964,0.14262402
419,0.944,0.19802476
420,0.952,0.14764144
421,0.957,0.13180386
422,0.954,0.17191622
423,0.956,0.1748078
424,0.947,0.1801218
425,0.946,0.2067446
426,0.942,0.18754904
427,0.95,0.16873126
428,0.949,0.15673187
429,0.943,0.16718106
430,0.952,0.17950524
431,0.952,0.16353229
432,0.948,0.19011481
433,0.952,0.16343503
434,0.951,0.1618073
435,0.952,0.19125243
436,0.96,0.145574
437,0.948,0.16818085
438,0.945,0.17307498
439,0.947,0.160524
440,0.946,0.1859441
441,0.951,0.15585732
442,0.959,0.13822909
443,0.957,0.15327886
444,0.955,0.17328715
445,0.962,0.14894505
446,0.962,0.1360621
447,0.957,0.13246322
448,0.965,0.13736603
449,0.964,0.12273188
450,0.965,0.13484535
451,0.964,0.15661311
452,0.959,0.1381404
453,0.95,0.18628205
454,0.97,0.11725898
455,0.961,0.11303456
456,0.957,0.13837689
457,0.958,0.13268813
458,0.951,0.164448
459,0.971,0.111860685
460,0.962,0.16050728
461,0.967,0.117563434
462,0.947,0.17090285
463,0.959,0.13989346
464,0.954,0.15028991
465,0.954,0.16941796
466,0.954,0.1276679
467,0.954,0.15196852
468,0.962,0.12195259
469,0.958,0.16782197
470,0.963,0.13600428
471,0.948,0.16786982
472,0.958,0.13313203
473,0.958,0.16192505
474,0.966,0.12135031
475,0.964,0.15799813
476,0.962,0.10928167
477,0.96,0.15291394
478,0.954,0.12036988
479,0.948,0.18241028
480,0.955,0.14082316
481,0.954,0.15116183
482,0.955,0.18051168
483,0.955,0.16414846
484,0.973,0.13134104
485,0.961,0.12982248
486,0.956,0.12462614
487,0.952,0.17470388
488,0.95,0.17125277
489,0.955,0.13959126
490,0.969,0.1330132
491,0.959,0.14064556
492,0.956,0.17517367
493,0.938,0.18322504
494,0.967,0.13084497
495,0.956,0.12475987
496,0.962,0.1153183
497,0.965,0.11697385
498,0.965,0.13236606
499,0.957,0.12983014
500,0.97,0.10956925
501,0.953,0.14403433
502,0.954,0.17164825
503,0.957,0.13811783
504,0.962,0.14540666
505,0.972,0.10180224
506,0.964,0.14990692
507,0.956,0.14746991
508,0.962,0.123994045
509,0.958,0.1435394
510,0.964,0.14721379
511,0.965,0.120778
512,0.968,0.12509574
513,0.98,0.09151023
514,0.971,0.09212635
515,0.961,0.12302478
516,0.968,0.12045798
517,0.96,0.14148436
518,0.961,0.14510718
519,0.955,0.13998541
520,0.966,0.12312271
521,0.96,0.14183173
522,0.963,0.13888885
523,0.964,0.1177115
524,0.958,0.13414939
525,0.955,0.14756165
526,0.97,0.12331225
527,0.963,0.14385578
528,0.962,0.13223442
529,0.965,0.1287145
530,0.965,0.14474793
531,0.958,0.14197823
532,0.967,0.11584162
533,0.959,0.15498352
534,0.961,0.15627734
535,0.968,0.10180536
536,0.966,0.12387205
537,0.967,0.111997634
538,0.965,0.12992361
539,0.95,0.1845623
540,0.957,0.12558517
541,0.957,0.1563277
542,0.96,0.1229035
543,0.969,0.12387385
544,0.962,0.11554733
545,0.96,0.14013228
546,0.962,0.123328574
547,0.962,0.14017761
548,0.959,0.12054436
549,0.967,0.13640858
550,0.967,0.118052036
551,0.965,0.13984576
552,0.964,0.1252515
553,0.962,0.14746538
554,0.972,0.08862201
555,0.967,0.14287527
556,0.965,0.13558471
557,0.976,0.08985172
558,0.968,0.11692168
559,0.971,0.10594407
560,0.968,0.109686665
561,0.97,0.12238051
562,0.964,0.12404834
563,0.97,0.10791122
564,0.975,0.092026986
565,0.965,0.10785547
566,0.966,0.11793809
567,0.969,0.08759364
568,0.967,0.13030793
569,0.968,0.10981698
570,0.966,0.12102847
571,0.973,0.087609366
572,0.968,0.120318264
573,0.968,0.10101062
574,0.957,0.15215354
575,0.966,0.11795381
576,0.96,0.14308926
577,0.961,0.12554325
578,0.955,0.15462658
579,0.963,0.12048972
580,0.957,0.16157685
581,0.959,0.12416679
582,0.973,0.09562338
583,0.967,0.121048115
584,0.964,0.12682994
585,0.966,0.12290628
586,0.979,0.097472675
587,0.974,0.09216061
588,0.968,0.138081
589,0.967,0.109107755
590,0.965,0.106332384
591,0.967,0.11888667
592,0.973,0.11000045
593,0.969,0.1057497
594,0.964,0.117325865
595,0.949,0.12401045
596,0.961,0.13724664
597,0.963,0.10625503
598,0.973,0.08886771
599,0.958,0.1412685
600,0.95,0.1448525
601,0.958,0.13539441
602,0.968,0.12663916
603,0.969,0.123814955
604,0.975,0.09171436
605,0.972,0.10752863
606,0.979,0.0845183
607,0.967,0.10648981
608,0.961,0.12703213
609,0.97,0.10925292
610,0.968,0.118852705
611,0.974,0.0777673
612,0.974,0.08560938
613,0.971,0.08817387
614,0.975,0.09306862
615,0.973,0.09320149
616,0.976,0.10465117
617,0.962,0.12909316
618,0.975,0.098908834
619,0.961,0.123706184
620,0.97,0.10678768
621,0.968,0.13062337
622,0.969,0.105393246
623,0.967,0.116849504
624,0.97,0.10126908
625,0.972,0.10135916
626,0.955,0.12876968
627,0.972,0.10069989
628,0.971,0.10359447
629,0.974,0.089944445
630,0.978,0.11130618
631,0.98,0.072965324
632,0.949,0.15333112
633,0.969,0.087107085
634,0.959,0.13780864
635,0.966,0.11122484
636,0.959,0.13289446
637,0.972,0.118768476
638,0.969,0.10899167
639,0.971,0.08903041
640,0.972,0.11527736
641,0.967,0.11171882
642,0.962,0.11971832
643,0.977,0.07538628
644,0.973,0.12616819
645,0.967,0.11522184
646,0.959,0.121951215
647,0.967,0.12876734
648,0.971,0.112053104
649,0.969,0.10146007
650,0.973,0.10800265
651,0.963,0.11613831
652,0.964,0.100392334
653,0.971,0.08349037
654,0.974,0.08124132
655,0.973,0.118061356
656,0.96,0.14271155
657,0.972,0.082389966
658,0.968,0.115607806
659,0.974,0.11534885
660,0.975,0.081151105
661,0.97,0.11764543
662,0.969,0.099515915
663,0.97,0.10665482
664,0.962,0.11800099
665,0.971,0.09437338
666,0.98,0.07571529
667,0.962,0.11476733
668,0.977,0.0965321
669,0.983,0.07084037
670,0.968,0.109928235
671,0.967,0.084488936
672,0.979,0.077179976
673,0.979,0.075626016
674,0.973,0.07491662
675,0.977,0.08076823
676,0.964,0.12399075
677,0.974,0.08241968
678,0.962,0.12541343
679,0.977,0.09586057
680,0.971,0.10739938
681,0.98,0.0910535
682,0.977,0.075048536
683,0.966,0.1091687
684,0.972,0.10671699
685,0.971,0.103947505
686,0.983,0.060325928
687,0.973,0.09919283
688,0.977,0.079667725
689,0.974,0.08349662
690,0.975,0.09800937
691,0.977,0.09304893
692,0.966,0.10330815
693,0.969,0.12620641
694,0.968,0.08584569
695,0.97,0.1063481
696,0.98,0.076459475
697,0.965,0.106313854
698,0.966,0.11404206
699,0.977,0.08477253
700,0.968,0.106861986
701,0.971,0.09582495
702,0.972,0.11341727
703,0.977,0.10982397
704,0.976,0.0820773
705,0.983,0.06585617
706,0.971,0.113268904
707,0.963,0.12619992
708,0.969,0.100724496
709,0.969,0.11428892
710,0.973,0.104940265
711,0.973,0.09084222
712,0.967,0.123808205
713,0.972,0.09414171
714,0.969,0.11969905
715,0.986,0.060323622
716,0.973,0.0897903
717,0.978,0.08969301
718,0.98,0.10669222
719,0.986,0.06410243
720,0.981,0.08195551
721,0.975,0.084754586
722,0.963,0.10674188
723,0.979,0.07081587
724,0.968,0.11473332
725,0.976,0.077523954
726,0.969,0.10067656
727,0.985,0.07361751
728,0.974,0.07962186
729,0.975,0.079384185
730,0.97,0.09890326
731,0.969,0.09723862
732,0.972,0.09829916
733,0.981,0.079992205
734,0.963,0.096090116
735,0.979,0.06725279
736,0.973,0.09660117
737,0.981,0.070705324
738,0.969,0.1086897
739,0.972,0.08798537
740,0.969,0.10491428
741,0.98,0.069427915
742,0.974,0.10922391
743,0.98,0.07397735
744,0.965,0.12892598
745,0.97,0.12683812
746,0.974,0.09492427
747,0.982,0.057346962
748,0.976,0.07999605
749,0.974,0.08487816
750,0.986,0.07306055
751,0.966,0.13184895
752,0.97,0.09311315
753,0.978,0.08518757
754,0.976,0.08430915
755,0.98,0.0914447
756,0.983,0.07476946
757,0.969,0.10728165
758,0.974,0.08499886
759,0.978,0.083735675
760,0.973,0.103060864
761,0.98,0.086384766
762,0.97,0.102320135
763,0.972,0.088366196
764,0.974,0.084243186
765,0.974,0.08016416
766,0.974,0.08905949
767,0.97,0.09471579
768,0.983,0.07343895
769,0.972,0.10815227
770,0.984,0.064441435
771,0.98,0.06759212
772,0.982,0.08850521
773,0.98,0.0691737
774,0.976,0.07555291
775,0.983,0.07607272
776,0.985,0.059583675
777,0.984,0.0641996
778,0.975,0.08424772
779,0.981,0.07601929
780,0.975,0.07714739
781,0.979,0.078977294
782,0.985,0.07920575
783,0.974,0.10234863
784,0.98,0.09459694
785,0.981,0.074349836
786,0.976,0.07748813
787,0.977,0.06844296
788,0.976,0.09703835
789,0.985,0.060536288
790,0.978,0.08390875
791,0.985,0.060127232
792,0.978,0.08104082
793,0.977,0.072004184
794,0.975,0.077906124
795,0.974,0.09768766
796,0.979,0.09061117
797,0.974,0.06822306
798,0.975,0.10591089
799,0.981,0.061364517
800,0.972,0.08311438
801,0.974,0.08304816
802,0.974,0.09664481
803,0.975,0.07341976
804,0.982,0.076352715
805,0.975,0.09962878
806,0.982,0.0643308
807,0.981,0.06878195
808,0.975,0.08332577
809,0.979,0.093650326
810,0.97,0.10338477
811,0.98,0.076891735
812,0.967,0.09957828
813,0.974,0.08207281
814,0.972,0.08905719
815,0.972,0.07140002
816,0.977,0.09385576
817,0.973,0.10492631
818,0.974,0.078148335
819,0.968,0.09783889
820,0.973,0.099377714
821,0.972,0.08797613
822,0.974,0.078346774
823,0.976,0.08589787
824,0.983,0.06873648
825,0.977,0.08032474
826,0.976,0.095898725
827,0.975,0.098864764
828,0.972,0.08689173
829,0.985,0.0673308
830,0.978,0.06990146
831,0.98,0.07505203
832,0.978,0.070143715
833,0.979,0.06842297
834,0.974,0.093594596
835,0.982,0.060648337
836,0.979,0.078359984
837,0.974,0.08457462
838,0.973,0.084922284
839,0.972,0.08631673
840,0.981,0.07351514
841,0.983,0.08479147
842,0.976,0.07251753
843,0.987,0.059488807
844,0.975,0.08154732
845,0.981,0.063954644
846,0.972,0.08901238
847,0.979,0.06301069
848,0.982,0.062248223
849,0.983,0.068432346
850,0.979,0.078580074
851,0.987,0.06920752
852,0.986,0.053937033
853,0.975,0.082042515
854,0.97,0.11420072
855,0.983,0.06671767
856,0.974,0.10312795
857,0.975,0.07561502
858,0.981,0.06918755
859,0.979,0.07656017
860,0.978,0.09058926
861,0.978,0.072896995
862,0.984,0.06740802
863,0.978,0.07523727
864,0.983,0.055888906
865,0.985,0.056018658
866,0.977,0.071768716
867,0.983,0.057045944
868,0.978,0.07839911
869,0.974,0.08519962
870,0.983,0.0622474
871,0.981,0.0728566
872,0.976,0.09457115
873,0.977,0.08695404
874,0.978,0.075700976
875,0.984,0.06594284
876,0.982,0.069725126
877,0.982,0.05743956
878,0.986,0.06592543
879,0.987,0.05621932
880,0.98,0.07227636
881,0.985,0.06932585
882,0.987,0.05939945
883,0.982,0.06382408
884,0.982,0.07608158
885,0.98,0.07336609
886,0.98,0.07275853
887,0.979,0.087508075
888,0.983,0.08967038
889,0.982,0.07628726
890,0.979,0.06450308
891,0.982,0.07461587
892,0.985,0.06574993
893,0.983,0.067109235
894,0.978,0.08799472
895,0.987,0.058322273
896,0.983,0.062319063
897,0.983,0.0614603
898,0.974,0.07221507
899,0.981,0.06370403
900,0.977,0.07283966
901,0.981,0.063103884
902,0.976,0.0698152
903,0.972,0.11292645
904,0.982,0.071667865
905,0.988,0.045066353
906,0.983,0.050657902
907,0.976,0.07355091
908,0.985,0.052866004
909,0.971,0.0847314
910,0.972,0.09871376
911,0.977,0.08183566
912,0.986,0.06123808
913,0.975,0.08153803
914,0.979,0.077005826
915,0.982,0.067488395
916,0.982,0.07910544
917,0.985,0.055881653
918,0.984,0.059858583
919,0.976,0.076796696
920,0.979,0.056242313
921,0.983,0.07074394
922,0.987,0.05813959
923,0.979,0.06499487
924,0.984,0.061991565
925,0.986,0.05902701
926,0.98,0.0627671
927,0.976,0.071740925
928,0.975,0.077278115
929,0.986,0.051707976
930,0.983,0.06407935
931,0.982,0.059748422
932,0.983,0.06451763
933,0.972,0.090842105
934,0.976,0.091101736
935,0.978,0.07194005
936,0.979,0.07713667
937,0.985,0.052823562
938,0.989,0.048841923
939,0.981,0.05807251
940,0.988,0.05472622
941,0.986,0.054637246
942,0.98,0.06909161
943,0.987,0.069441706
944,0.978,0.07450997
945,0.986,0.048839103
946,0.975,0.0699793
947,0.981,0.05420231
948,0.988,0.06352978
949,0.977,0.075672545
950,0.977,0.06392474
951,0.986,0.061254412
952,0.985,0.05595901
953,0.989,0.054510873
954,0.992,0.04189543
955,0.984,0.057295237
956,0.981,0.06548186
957,0.986,0.050130848
958,0.982,0.061170284
959,0.982,0.057212975
960,0.983,0.050420865
961,0.987,0.05162411
962,0.984,0.093396164
963,0.98,0.06505106
964,0.988,0.049466174
965,0.986,0.058265746
966,0.986,0.05679637
967,0.984,0.05446517
968,0.986,0.061639007
969,0.978,0.07308376
970,0.981,0.06164826
971,0.979,0.077804774
972,0.984,0.06406353
973,0.972,0.10159515
974,0.976,0.092916004
975,0.985,0.06076888
976,0.972,0.086346194
977,0.972,0.09458476
978,0.977,0.062323384
979,0.989,0.051272966
980,0.975,0.088191785
981,0.988,0.056597017
982,0.978,0.07412178
983,0.977,0.062996924
984,0.991,0.04728674
985,0.987,0.05752054
986,0.971,0.07942497
987,0.983,0.054437548
988,0.988,0.052273516
989,0.981,0.0682946
990,0.989,0.04297799
991,0.988,0.05104257
992,0.983,0.063944206
993,0.989,0.055496868
994,0.99,0.04903331
995,0.985,0.061588738
996,0.983,0.066433154
997,0.985,0.0721259
998,0.983,0.059351288
999,0.982,0.06252086
1000,0.985,0.058038283
1001,0.982,0.062198207
1002,0.983,0.06082714
1003,0.986,0.05048794
1004,0.981,0.05781866
1005,0.985,0.053163357
1006,0.983,0.06337503
1007,0.98,0.08228872
1008,0.989,0.047118343
1009,0.987,0.055766594
1010,0.981,0.05816429
1011,0.987,0.056965146
1012,0.992,0.037507508
1013,0.989,0.041582514
1014,0.987,0.055506933
1015,0.988,0.055940688
1016,0.98,0.07628307
1017,0.982,0.052754335
1018,0.985,0.056786604
1019,0.983,0.06723404
1020,0.986,0.049252883
1021,0.984,0.059011508
1022,0.982,0.06525422
1023,0.983,0.05701377
1024,0.982,0.060786378
1025,0.987,0.049982943
1026,0.99,0.05271646
1027,0.986,0.055562712
1028,0.984,0.05413973
1029,0.982,0.057806455
1030,0.99,0.050131097
1031,0.981,0.079105265
1032,0.979,0.0656459
1033,0.984,0.072886884
1034,0.994,0.037904486
1035,0.98,0.060702004
1036,0.983,0.04889398
1037,0.988,0.05439737
1038,0.985,0.05384006
1039,0.98,0.06592535
1040,0.987,0.049527366
1041,0.98,0.06457629
1042,0.987,0.054297782
1043,0.982,0.047490105
1044,0.985,0.052855153
1045,0.983,0.0586242
1046,0.984,0.06682383
1047,0.99,0.03844292
1048,0.986,0.046987906
1049,0.99,0.047495104
1050,0.992,0.03478905
1051,0.977,0.08785108
1052,0.99,0.05386627
1053,0.988,0.06528215
1054,0.993,0.03273572
1055,0.98,0.07884506
1056,0.986,0.04246405
1057,0.987,0.067444414
1058,0.981,0.060922615
1059,0.993,0.038557965
1060,0.988,0.039685212
1061,0.99,0.040597565
1062,0.988,0.04202879
1063,0.988,0.05072891
1064,0.984,0.064075395
1065,0.985,0.04181246
1066,0.981,0.06880557
1067,0.988,0.054351483
1068,0.99,0.054659966
1069,0.989,0.068761185
1070,0.984,0.047408372
1071,0.982,0.05560966
1072,0.985,0.048690747
1073,0.995,0.030712266
1074,0.986,0.056949645
1075,0.981,0.066010885
1076,0.979,0.06960854
1077,0.986,0.04851397
1078,0.987,0.060471863
1079,0.993,0.034206122
1080,0.982,0.05486771
1081,0.986,0.044624556
1082,0.983,0.049108997
1083,0.988,0.055383753
1084,0.988,0.04955888
1085,0.988,0.041428193
1086,0.978,0.067966506
1087,0.987,0.061316527
1088,0.985,0.045083534
1089,0.988,0.060037546
1090,0.985,0.06760773
1091,0.98,0.059268594
1092,0.99,0.042263426
1093,0.986,0.06716711
1094,0.984,0.051806863
1095,0.995,0.034865364
1096,0.983,0.059394065
1097,0.992,0.04359096
1098,0.993,0.04443572
1099,0.983,0.056193024
1100,0.986,0.050606526
1101,0.985,0.04722256
1102,0.989,0.043757536
1103,0.994,0.033850327
1104,0.992,0.037778426
1105,0.983,0.053627368
1106,0.993,0.03735949
1107,0.99,0.042037632
1108,0.988,0.056509856
1109,0.982,0.06737878
1110,0.991,0.046216425
1111,0.997,0.034377687
1112,0.992,0.04398252
1113,0.987,0.046287727
1114,0.987,0.044269614
1115,0.986,0.059027962
1116,0.988,0.052054573
1117,0.981,0.054101624
1118,0.985,0.053972993
1119,0.99,0.046961036
1120,0.989,0.048489846
1121,0.985,0.051846784
1122,0.986,0.044008154
1123,0.991,0.036110435
1124,0.984,0.053060655
1125,0.991,0.050950315
1126,0.991,0.04038473
1127,0.989,0.045584586
1128,0.986,0.05074935
1129,0.988,0.045947168
1130,0.984,0.052287713
1131,0.988,0.041987654
1132,0.983,0.060222924
1133,0.988,0.04365948
1134,0.991,0.039122976
1135,0.984,0.050197486
1136,0.987,0.06699585
1137,0.982,0.058060277
1138,0.99,0.043119002
1139,0.992,0.05015865
1140,0.988,0.05357362
1141,0.987,0.0563256
1142,0.981,0.06291947
1143,0.989,0.044123534
1144,0.985,0.051032573
1145,0.987,0.048521876
1146,0.988,0.04210479
1147,0.989,0.042193986
1148,0.989,0.061207887
1149,0.985,0.05477825
1150,0.987,0.047906775
1151,0.993,0.03379309
1152,0.991,0.04706997
1153,0.984,0.054408487
1154,0.988,0.043075226
1155,0.986,0.060442533
1156,0.991,0.040353626
1157,0.992,0.043693777
1158,0.983,0.06474215
1159,0.99,0.047221977
1160,0.991,0.038955964
1161,0.99,0.038439125
1162,0.99,0.0399361
1163,0.993,0.03375373
1164,0.986,0.056731317
1165,0.992,0.044534735
1166,0.992,0.040457994
1167,0.989,0.038419478
1168,0.989,0.038342766
1169,0.987,0.050462227
1170,0.986,0.050786078
1171,0.991,0.034898642
1172,0.991,0.042648
1173,0.995,0.025209162
1174,0.985,0.060444206
1175,0.992,0.032324523
1176,0.989,0.036591783
1177,0.992,0.029040549
1178,0.988,0.04245329
1179,0.987,0.053647105
1180,0.987,0.05525826
1181,0.987,0.048930082
1182,0.991,0.03539191
1183,0.989,0.042758808
1184,0.995,0.032133766
1185,0.989,0.037592687
1186,0.996,0.02243798
1187,0.98,0.056451302
1188,0.979,0.072228044
1189,0.991,0.039349698
1190,0.992,0.038564745
1191,0.988,0.04817206
1192,0.985,0.06295888
1193,0.991,0.04295382
1194,0.99,0.045138605
1195,0.982,0.056596637
1196,0.982,0.060243834
1197,0.993,0.042820927
1198,0.991,0.04486444
1199,0.988,0.04809109
1200,0.99,0.043407287
1201,0.983,0.051307842
1202,0.993,0.039496467
1203,0.985,0.04251359
1204,0.986,0.056682415
1205,0.988,0.043475218
1206,0.986,0.05228276
1207,0.987,0.04182824
1208,0.992,0.031212047
1209,0.985,0.0444714
1210,0.995,0.031445157
1211,0.991,0.038789168
1212,0.988,0.039548274
1213,0.991,0.03318606
1214,0.988,0.03660288
1215,0.994,0.030163815
1216,0.994,0.03957729
1217,0.988,0.048252404
1218,0.988,0.04569165
1219,0.985,0.056937292
1220,0.994,0.027002264
1221,0.991,0.036134068
1222,0.995,0.022169728
1223,0.988,0.050250698
1224,0.991,0.041254036
1225,0.99,0.031157166
1226,0.991,0.0353364
1227,0.99,0.036286693
1228,0.987,0.046387926
1229,0.985,0.041435596
1230,0.99,0.030145908
1231,0.985,0.05145991
1232,0.993,0.03718729
1233,0.989,0.036768287
1234,0.991,0.043334167
1235,0.988,0.046886858
1236,0.998,0.027616186
1237,0.986,0.05008883
1238,0.988,0.048760127
1239,0.987,0.05049884
1240,0.988,0.043156475
1241,0.988,0.04662658
1242,0.989,0.0431113
1243,0.994,0.039630428
1244,0.988,0.051535543
1245,0.985,0.050464027
1246,0.983,0.057594746
1247,0.996,0.023840453
1248,0.99,0.040716752
1249,0.993,0.0341068
1250,0.986,0.046316408
1251,0.983,0.059090424
1252,0.989,0.054373797
1253,0.992,0.040891495
1254,0.987,0.051548187
1255,0.986,0.0609537
1256,0.99,0.058986407
1257,0.99,0.042235564
1258,0.99,0.049866866
1259,0.992,0.044055916
1260,0.991,0.037038893
1261,0.991,0.03332995
1262,0.99,0.037369803
1263,0.994,0.026153674
1264,0.994,0.028534805
1265,0.991,0.04362133
1266,0.989,0.041283652
1267,0.996,0.026733309
1268,0.99,0.04223598
1269,0.99,0.040149506
1270,0.997,0.028116731
1271,0.991,0.032954387
1272,0.991,0.046723306
1273,0.99,0.047850892
1274,0.989,0.038060185
1275,0.986,0.042371534
1276,0.99,0.04238853
1277,0.994,0.034102205
1278,0.989,0.03328762
1279,0.993,0.03274691
1280,0.995,0.03852593
1281,0.994,0.035084404
1282,0.989,0.04475889
1283,0.991,0.036910474
1284,0.984,0.05442395
1285,0.994,0.035063688
1286,0.99,0.03905535
1287,0.992,0.028985683
1288,0.992,0.0359013
1289,0.99,0.035978455
1290,0.99,0.034682535
1291,0.989,0.03985179
1292,0.984,0.048695434
1293,0.986,0.051303856
1294,0.995,0.034113098
1295,0.997,0.02091124
1296,0.994,0.028396076
1297,0.991,0.038185038
1298,0.992,0.03718395
1299,0.993,0.04532652
1300,0.994,0.029044189
1301,0.991,0.028944178
1302,0.997,0.02555701
1303,0.994,0.029938353
1304,0.985,0.04342112
1305,0.989,0.042611666
1306,0.988,0.047942016
1307,0.992,0.032655627
1308,0.989,0.043053932
1309,0.991,0.046804316
1310,0.993,0.030267911
1311,0.99,0.034563493
1312,0.993,0.034306273
1313,0.989,0.052786946
1314,0.992,0.03854767
1315,0.985,0.053969435
1316,0.988,0.04066297
1317,0.989,0.032265097
1318,0.993,0.03015905
1319,0.994,0.034153283
1320,0.987,0.040279794
1321,0.99,0.03741359
1322,0.998,0.023059044
1323,0.992,0.03240566
1324,0.998,0.021128358
1325,0.998,0.022742348
1326,0.987,0.038234998
1327,0.991,0.041121002
1328,0.992,0.042172782
1329,0.987,0.038751222
1330,0.992,0.03194775
1331,0.995,0.039536346
1332,0.981,0.06936107
1333,0.992,0.03963166
1334,0.995,0.02593688
1335,0.993,0.035597827
1336,0.992,0.03358571
1337,0.987,0.044850495
1338,0.993,0.033273432
1339,0.992,0.028381294
1340,0.99,0.031145815
1341,0.992,0.040376883
1342,0.992,0.033379275
1343,0.993,0.040509813
1344,0.988,0.03760362
1345,0.993,0.029104866
1346,0.99,0.041619677
1347,0.996,0.026285047
1348,0.991,0.03879408
1349,0.999,0.01913246
1350,0.992,0.034505356
1351,0.993,0.029870017
1352,0.994,0.03104171
1353,0.987,0.044837832
1354,0.993,0.029204922
1355,0.997,0.0268387
1356,0.991,0.04002381
1357,0.996,0.029438142
1358,0.992,0.033285875
1359,0.993,0.029790033
1360,0.99,0.030404318
1361,0.994,0.027555922
1362,0.992,0.036701784
1363,0.983,0.038964767
1364,0.989,0.041564837
1365,0.995,0.022768132
1366,0.996,0.032946758
1367,0.991,0.044984512
1368,0.996,0.0215094
1369,0.993,0.03968881
1370,0.989,0.042553257
1371,0.991,0.035460252
1372,0.992,0.044887494
1373,0.989,0.04012193
1374,0.995,0.03429551
1375,0.988,0.04419042
1376,0.995,0.032771382
1377,0.993,0.03527455
1378,0.993,0.026809342
1379,0.996,0.026032478
1380,0.992,0.036673654
1381,0.991,0.031392816
1382,0.991,0.03328438
1383,0.991,0.02942075
1384,0.989,0.046645354
1385,0.992,0.039276794
1386,0.995,0.02971676
1387,0.991,0.030642029
1388,0.997,0.029949088
1389,0.995,0.026954725
1390,0.992,0.040845312
1391,0.991,0.035593208
1392,0.992,0.039941844
1393,0.992,0.028728139
1394,0.993,0.028225942
1395,0.994,0.02906478
1396,0.991,0.032355897
1397,0.993,0.034223333
1398,0.991,0.031177463
1399,0.991,0.030879563
1400,0.994,0.028032474
1401,0.994,0.032715812
1402,0.997,0.021085965
1403,0.995,0.023274925
1404,0.992,0.041017015
1405,0.991,0.03515573
1406,0.993,0.035578996
1407,0.996,0.025175486
1408,0.993,0.027093757
1409,0.996,0.028722072
1410,0.994,0.03127333
1411,0.99,0.041114707
1412,0.994,0.02339021
1413,0.989,0.0358866
1414,0.993,0.039922565
1415,0.993,0.027307857
1416,0.995,0.030432194
1417,0.991,0.032337
1418,0.989,0.043804213
1419,0.99,0.04130043
1420,0.998,0.020049427
1421,0.991,0.02855497
1422,0.994,0.027022155
1423,0.988,0.03357431
1424,0.994,0.04964211
1425,0.996,0.023020115
1426,0.997,0.02031681
1427,0.992,0.030330399
1428,0.991,0.027349254
1429,0.988,0.039758034
1430,0.992,0.04172553
1431,0.995,0.020813655
1432,0.992,0.026418392
1433,0.995,0.03158734
1434,0.994,0.023422629
1435,0.993,0.030292558
1436,0.994,0.022584215
1437,0.994,0.029795844
1438,0.995,0.026200337
1439,0.994,0.029548042
1440,0.993,0.040333115
1441,0.99,0.034203727
1442,0.993,0.03182255
1443,0.995,0.025708381
1444,0.994,0.032876674
1445,0.992,0.034224574
1446,0.995,0.026485577
1447,0.996,0.029118946
1448,0.994,0.022372346
1449,0.995,0.027508844
1450,0.999,0.019976672
1451,0.994,0.023788618
1452,0.998,0.018798282
1453,0.992,0.040181644
1454,0.991,0.030205425
1455,0.995,0.02742006
1456,0.989,0.044546556
1457,0.994,0.024418857
1458,0.992,0.027256748
1459,0.991,0.042729836
1460,0.995,0.025687942
1461,0.993,0.032636583
1462,0.998,0.02060313
1463,0.989,0.037632566
1464,0.992,0.030187622
1465,0.995,0.031888988
1466,0.994,0.032297447
1467,0.996,0.027862702
1468,0.994,0.027411636
1469,0.991,0.029050926
1470,0.991,0.034231573
1471,0.996,0.022591377
1472,0.994,0.027089885
1473,0.995,0.024471177
1474,0.995,0.020687092
1475,0.992,0.028555801
1476,0.997,0.01988675
1477,0.995,0.030130036
1478,0.993,0.031430118
1479,0.993,0.031010285
1480,0.991,0.042059384
1481,0.992,0.037713625
1482,0.992,0.025407795
1483,0.993,0.033069428
1484,0.997,0.022962786
1485,0.997,0.022620073
1486,0.995,0.022948883
1487,0.993,0.029312171
1488,0.997,0.024777126
1489,0.995,0.02346479
1490,0.993,0.025696395
1491,0.995,0.024296738
1492,0.997,0.018273445
1493,0.993,0.031664565
1494,0.993,0.037223514
1495,0.99,0.03550573
1496,0.996,0.025412247
1497,0.989,0.04407171
1498,0.996,0.019409211
1499,0.995,0.021102658
1500,0.996,0.023691215
1501,0.995,0.024468323
1502,0.991,0.035351187
1503,0.996,0.027708793
1504,0.99,0.039223474
1505,0.998,0.024055358
1506,0.993,0.02343539
1507,0.993,0.02687828
1508,0.988,0.03765438
1509,0.994,0.028223965
1510,0.993,0.031260792
1511,0.998,0.025361415
1512,0.994,0.023505611
1513,0.998,0.021050403
1514,0.995,0.025903258
1515,0.99,0.037407257
1516,0.993,0.027827093
1517,0.995,0.03130472
1518,0.996,0.036184814
1519,0.998,0.015609372
1520,0.993,0.022849647
1521,0.995,0.01941497
1522,0.997,0.0206718
1523,0.991,0.03481092
1524,0.997,0.019135324
1525,0.991,0.024500726
1526,0.995,0.029106122
1527,0.993,0.027312418
1528,0.994,0.024745243
1529,0.996,0.025350861
1530,0.994,0.022143269
1531,0.994,0.03180019
1532,0.992,0.030330949
1533,0.995,0.028323818
1534,0.999,0.015227507
1535,0.993,0.03313007
1536,0.997,0.021343118
1537,0.999,0.017702939
1538,0.995,0.02698935
1539,0.992,0.03124757
1540,0.996,0.03202038
1541,0.994,0.02004969
1542,0.995,0.026584229
1543,0.996,0.021258537
1544,0.994,0.026159458
1545,0.996,0.024150115
1546,0.993,0.028929954
1547,0.995,0.025341995
1548,0.998,0.018569142
1549,0.996,0.017271403
1550,0.996,0.025363117
1551,0.995,0.022188367
1552,0.995,0.020891372
1553,0.997,0.024966076
1554,0.993,0.024691928
1555,0.997,0.018197628
1556,0.995,0.029085578
1557,0.995,0.022056848
1558,0.997,0.022583542
1559,0.994,0.024311809
1560,0.994,0.026355034
1561,0.998,0.015280834
1562,0.997,0.020027205
1563,0.995,0.0220076
1564,0.994,0.024802273
1565,0.994,0.023171391
1566,0.996,0.018839162
1567,0.992,0.03696517
1568,0.994,0.024342315
1569,0.996,0.022735225
1570,0.996,0.021593288
1571,0.996,0.024318725
1572,0.992,0.027606158
1573,0.995,0.031122707
1574,0.997,0.02074023
1575,0.997,0.022548385
1576,0.998,0.017951919
1577,0.995,0.021744791
1578,0.992,0.024604052
1579,0.994,0.025439484
1580,0.993,0.025898919
1581,0.99,0.03866845
1582,0.999,0.012827926
1583,0.993,0.028471608
1584,0.997,0.020966712
1585,0.996,0.028846767
1586,0.995,0.021840679
1587,0.997,0.023361146
1588,0.995,0.025025923
1589,0.995,0.0319258
1590,0.992,0.03561296
1591,0.995,0.0316765
1592,0.989,0.035406426
1593,0.994,0.023245938
1594,0.995,0.023225343
1595,0.996,0.019916367
1596,0.994,0.031091869
1597,0.996,0.017427426
1598,0.998,0.019298049
1599,0.998,0.01584592
1600,0.996,0.021327911
1601,0.992,0.03143524
1602,0.994,0.029147541
1603,0.997,0.020361762
1604,0.995,0.0256366
1605,0.995,0.022988642
1606,0.994,0.026464213
1607,0.995,0.02829401
1608,0.998,0.013936132
1609,0.994,0.026187576
1610,0.994,0.026908714
1611,0.999,0.016319137
1612,0.992,0.027503401
1613,0.996,0.023548337
1614,1.0,0.014535726
1615,0.993,0.026110971
1616,0.999,0.015251582
1617,0.997,0.0187153
1618,1.0,0.014611996
1619,0.995,0.020478273
1620,0.996,0.028418528
1621,0.995,0.025174038
1622,0.996,0.024150992
1623,0.996,0.020493224
1624,0.996,0.021365967
1625,0.993,0.030035965
1626,0.997,0.025357787
1627,0.999,0.014912399
1628,0.996,0.01978998
1629,0.999,0.01577547
1630,0.997,0.017387364
1631,0.996,0.021167738
1632,0.995,0.026724683
1633,0.996,0.02560689
1634,0.996,0.022427512
1635,0.996,0.020189865
1636,0.993,0.017308714
1637,0.995,0.023443427
1638,0.992,0.02604488
1639,0.994,0.018656718
1640,0.991,0.03593511
1641,0.993,0.026424272
1642,0.996,0.019983597
1643,0.997,0.020440035
1644,0.994,0.02976202
1645,0.995,0.024662845
1646,0.997,0.018879047
1647,0.997,0.02566328
1648,0.992,0.030316109
1649,0.993,0.03751448
1650,0.999,0.019077515
1651,0.999,0.016873011
1652,0.996,0.022330303
1653,0.998,0.017356444
1654,0.996,0.020420222
1655,0.995,0.023720423
1656,0.996,0.017282544
1657,0.998,0.020682836
1658,0.994,0.022014506
1659,0.996,0.021921726
1660,0.998,0.018433128
1661,0.994,0.026293755
1662,0.994,0.026388375
1663,0.997,0.020942276
1664,0.996,0.021516316
1665,0.996,0.021528905
1666,0.994,0.02234663
1667,0.997,0.025878757
1668,0.998,0.014500863
1669,0.996,0.019128585
1670,0.996,0.021688698
1671,0.997,0.015347008
1672,0.998,0.021689782
1673,0.998,0.024445618
1674,0.997,0.015752548
1675,0.996,0.02169355
1676,0.998,0.015942307
1677,0.994,0.023804048
1678,0.996,0.017352026
1679,0.998,0.016792307
1680,0.999,0.01804347
1681,0.997,0.026118297
1682,0.997,0.016471634
1683,0.996,0.019527351
1684,0.993,0.02451991
1685,0.995,0.022229278
1686,0.993,0.025996888
1687,0.999,0.014033111
1688,0.997,0.018707126
1689,0.996,0.02009938
1690,0.995,0.021602103
1691,0.995,0.022060184
1692,0.995,0.023443248
1693,0.998,0.020482283
1694,0.998,0.015462471
1695,0.996,0.026674572
1696,0.996,0.020534236
1697,0.996,0.020195682
1698,0.996,0.023510346
1699,0.994,0.027120301
1700,0.995,0.019701691
1701,0.996,0.021075131
1702,0.994,0.027965786
1703,0.999,0.020425886
1704,0.997,0.01807972
1705,0.997,0.024252785
1706,0.997,0.019474644
1707,0.994,0.031036554
1708,0.998,0.014986755
1709,0.999,0.01401553
1710,0.998,0.016334187
1711,0.998,0.021636985
1712,0.999,0.01942406
1713,0.999,0.019944534
1714,0.995,0.021429287
1715,1.0,0.014948226
1716,0.997,0.016800882
1717,0.996,0.019694516
1718,0.996,0.019127147
1719,0.997,0.01947376
1720,0.995,0.023720063
1721,0.997,0.016681144
1722,0.998,0.017216697
1723,0.998,0.018392116
1724,0.998,0.018893303
1725,0.998,0.016601875
1726,0.998,0.017022848
1727,0.998,0.013918038
1728,0.996,0.017347835
1729,0.995,0.020384569
1730,0.997,0.021518681
1731,0.999,0.016866902
1732,0.998,0.016219245
1733,0.998,0.016405046
1734,0.998,0.020867929
1735,0.996,0.01829005
1736,1.0,0.015787961
1737,0.997,0.017006341
1738,0.998,0.013630113
1739,1.0,0.015434179
1740,0.998,0.015757192
1741,0.997,0.020334667
1742,0.995,0.026159052
1743,0.995,0.023909554
1744,0.998,0.019651853
1745,0.998,0.021360757
1746,0.996,0.022706162
1747,0.999,0.01419403
1748,0.995,0.02462841
1749,0.995,0.026532093
1750,0.997,0.014598514
1751,0.997,0.01862301
1752,0.996,0.019353474
1753,0.995,0.028929736
1754,0.997,0.018367207
1755,0.999,0.019043362
1756,0.999,0.015408684
1757,0.998,0.017289378
1758,0.997,0.016482769
1759,0.996,0.0179047
1760,0.999,0.013303855
1761,0.996,0.018440261
1762,0.995,0.018720219
1763,0.996,0.020928655
1764,0.997,0.01624231
1765,0.998,0.016815495
1766,0.999,0.018995402
1767,0.999,0.013350756
1768,0.996,0.017087612
1769,1.0,0.015862992
1770,0.997,0.017341312
1771,0.998,0.012210112
1772,0.999,0.014612708
1773,1.0,0.012203512
1774,0.998,0.016153969
1775,0.998,0.011591264
1776,0.998,0.020197187
1777,0.999,0.0151744215
1778,0.997,0.019108735
1779,0.998,0.017820908
1780,0.996,0.018520957
1781,0.998,0.012766821
1782,0.998,0.013919321
1783,0.993,0.029130807
1784,0.998,0.015815556
1785,1.0,0.009581038
1786,0.997,0.015704388
1787,0.998,0.015293267
1788,0.999,0.01503884
1789,0.999,0.018350283
1790,0.995,0.01869505
1791,0.995,0.017963368
1792,0.995,0.016260877
1793,0.996,0.018089555
1794,0.996,0.014149875
1795,0.998,0.01618187
1796,0.997,0.016765065
1797,0.998,0.014943809
1798,0.997,0.019989789
1799,0.995,0.025850322
1800,0.995,0.019165559
1801,0.999,0.014777926
1802,0.997,0.019054508
1803,0.995,0.021031823
1804,0.995,0.020658165
1805,0.998,0.020673169
1806,0.994,0.022368344
1807,1.0,0.012901914
1808,0.996,0.025557734
1809,0.996,0.0194287
1810,0.997,0.017796228
1811,0.998,0.019590251
1812,0.994,0.026180454
1813,0.995,0.018748028
1814,0.996,0.019410241
1815,0.996,0.017732186
1816,0.996,0.017764729
1817,0.999,0.01383815
1818,0.999,0.014489025
1819,0.999,0.012290272
1820,0.998,0.013577079
1821,1.0,0.010616515
1822,0.999,0.00985718
1823,0.997,0.018048657
1824,0.999,0.013292365
1825,0.997,0.0145316655
1826,1.0,0.01192575
1827,1.0,0.012265187
1828,1.0,0.010131176
1829,0.998,0.016071556
1830,0.998,0.019546479
1831,0.994,0.020088421
1832,0.999,0.014461624
1833,0.997,0.014865049
1834,0.999,0.013060397
1835,0.998,0.016426785
1836,0.997,0.025082294
1837,0.998,0.014454809
1838,0.998,0.013022007
1839,0.992,0.02549173
1840,0.999,0.01120838
1841,0.998,0.013691455
1842,0.999,0.015896017
1843,0.995,0.021473167
1844,0.998,0.016437365
1845,0.996,0.022528362
1846,0.996,0.01845966
1847,0.998,0.017060382
1848,0.996,0.025104173
1849,0.999,0.013737945
1850,0.999,0.012128149
1851,0.998,0.01400508
1852,0.999,0.01269639
1853,0.996,0.018152948
1854,0.997,0.020733194
1855,0.999,0.011623076
1856,0.997,0.015523836
1857,0.998,0.013363276
1858,0.998,0.01411348
1859,0.998,0.014534479
1860,0.998,0.017662972
1861,0.998,0.014309355
1862,0.996,0.024721323
1863,0.998,0.01682471
1864,0.999,0.01624497
1865,0.999,0.014652616
1866,0.998,0.012327227
1867,0.993,0.026850361
1868,0.996,0.016604474
1869,0.997,0.022563627
1870,0.996,0.015310318
1871,0.997,0.014470653
1872,1.0,0.011921615
1873,0.999,0.011281796
1874,0.998,0.020905722
1875,1.0,0.013307879
1876,1.0,0.013865353
1877,1.0,0.011843011
1878,0.998,0.017131355
1879,0.997,0.016703686
1880,0.999,0.013668184
1881,1.0,0.00864646
1882,1.0,0.011465037
1883,0.998,0.015844682
1884,0.999,0.014452749
1885,0.998,0.012409989
1886,0.998,0.012502381
1887,0.996,0.018471748
1888,1.0,0.014674999
1889,1.0,0.013050994
1890,1.0,0.011917662
1891,0.999,0.014777172
1892,1.0,0.012373412
1893,0.996,0.022211421
1894,0.998,0.014753966
1895,0.999,0.01345801
1896,0.998,0.018057182
1897,0.998,0.011428398
1898,0.997,0.013038918
1899,0.998,0.011894374
1900,0.997,0.013640788
1901,0.996,0.01763899
1902,1.0,0.01163771
1903,0.998,0.016182255
1904,0.998,0.018693205
1905,0.998,0.012897079
1906,0.999,0.017257804
1907,1.0,0.01311821
1908,0.999,0.013150131
1909,0.999,0.0115937255
1910,0.994,0.021645164
1911,1.0,0.013829157
1912,0.999,0.013200649
1913,0.997,0.019349264
1914,0.999,0.013637634
1915,0.995,0.02217357
1916,0.995,0.01437842
1917,0.997,0.013426398
1918,0.997,0.014555405
1919,0.999,0.014219585
1920,0.997,0.015382179
1921,0.997,0.01839653
1922,1.0,0.010762047
1923,0.996,0.015474495
1924,1.0,0.013752533
1925,0.998,0.013026003
1926,1.0,0.010537801
1927,0.998,0.013129057
1928,0.996,0.015780538
1929,0.999,0.011516617
1930,0.999,0.009113571
1931,0.999,0.015241609
1932,0.999,0.015271755
1933,0.999,0.014511516
1934,0.999,0.009920943
1935,0.997,0.018192187
1936,0.999,0.011344025
1937,0.999,0.011124304
1938,0.998,0.017869376
1939,0.997,0.018973092
1940,1.0,0.008444073
1941,0.997,0.017667683
1942,1.0,0.011546789
1943,0.997,0.01760397
1944,0.999,0.013263259
1945,0.997,0.022524042
1946,0.999,0.010027632
1947,0.997,0.011421278
1948,0.998,0.013465684
1949,1.0,0.013165663
1950,0.998,0.015257824
1951,0.997,0.014424355
1952,0.998,0.012858545
1953,0.999,0.010359912
1954,0.997,0.01632173
1955,0.997,0.017529374
1956,0.999,0.011224105
1957,0.999,0.014878277
1958,1.0,0.008502909
1959,0.998,0.014383251
1960,0.998,0.014667694
1961,1.0,0.012116168
1962,1.0,0.011585998
1963,0.999,0.014123875
1964,0.999,0.011760589
1965,0.999,0.011918395
1966,0.999,0.015112175
1967,0.996,0.015477406
1968,0.997,0.016291015
1969,0.998,0.010493835
1970,0.999,0.011808283
1971,0.997,0.015091217
1972,0.998,0.020917527
1973,0.999,0.015457186
1974,0.999,0.013561003
1975,0.997,0.011878642
1976,1.0,0.012119464
1977,0.998,0.015908875
1978,0.998,0.014307865
1979,0.997,0.017530616
1980,0.998,0.012933143
1981,0.999,0.010735108
1982,1.0,0.010813109
1983,1.0,0.009665431
1984,1.0,0.010214693
1985,0.999,0.009801417
1986,0.999,0.013367947
1987,0.998,0.01203438
1988,1.0,0.011657186
1989,0.998,0.011766024
1990,0.999,0.010518875
1991,1.0,0.01027915
1992,0.998,0.010336626
1993,0.999,0.0111003285
1994,0.999,0.012337989
1995,0.999,0.013822009
1996,1.0,0.008435899
1997,1.0,0.009298472
1998,0.996,0.01536232
1999,1.0,0.011490832
